rtt,thput,total_time,total_data
0.005884,1447940176.750510,7939999,8519680
0.006076,1402185648.452929,7947999,8519680
0.005923,1438406213.067702,7951999,8519680
0.005384,1582407132.243685,7963999,8519680
0.009038,942651028.988714,7943999,8519680
0.005230,1629001912.045889,7963999,8519680
0.005230,1629001912.045889,7967999,8519680
0.006846,1244475606.193398,7955999,8519680
0.006615,1287933484.504913,7955999,8519680
0.006230,1367524879.614767,7939999,8519680
0.006923,1230634118.156868,8003999,8519680
0.005615,1517307212.822796,7935999,8519680
0.005538,1538403755.868545,7951999,8519680
0.006153,1384638387.778320,7951999,8519680
0.005961,1429236705.250797,7943999,8519680
0.007807,1091287306.263610,7939999,8519680
0.005576,1527919655.667145,7959999,8519680
0.005230,1629001912.045889,7959999,8519680
0.005384,1582407132.243685,7955999,8519680
0.004961,1717331183.229188,7967999,8519680
0.005653,1507107730.408633,7940000,8519680
0.007346,1159771304.111081,7932000,8519680
0.004807,1772348658.206782,7960000,8519680
0.007346,1159771304.111081,7944000,8519680
0.005115,1665626588.465298,7936000,8519680
0.005769,1476803605.477552,7972000,8519680
0.006461,1318631790.744467,7968000,8519680
0.006615,1287933484.504913,7944000,8519680
0.005461,1560095220.655558,7940000,8519680
0.005538,1538403755.868545,7968000,8519680
0.007923,1075309857.377256,7972000,8519680
0.005076,1678423955.870764,7980000,8519680
0.005884,1447940176.750510,8004000,8519680
0.006692,1273114166.168560,7972000,8519680
0.007500,1135957333.333333,7952000,8519680
0.006615,1287933484.504913,7984000,8519680
0.004923,1730587040.422507,7968000,8519680
0.005346,1593655069.210625,7980000,8519680
0.006615,1287933484.504913,7944000,8519680
0.005423,1571027106.767472,7984000,8519680
